Year,Country,Quality of Life Index,Purchasing Power Index,Safety Index,Traffic Commute Time Index,Pollution Index,Climate Index
2014,Switzerland,206.23,138.05,68.21,24.55,26.80,-
2014,United States,195.55,132.91,49.85,37.13,35.13,-
2014,Germany,192.69,112.28,72.86,36.07,30.20,-
2014,Sweden,180.92,106.11,61.72,34.07,17.51,-
2014,Finland,178.88,97.90,70.84,37.00,16.68,-
2014,Denmark,178.55,100.66,70.73,25.00,34.76,-
2014,Canada,178.29,105.53,63.71,39.17,27.70,-
2014,Australia,175.98,104.20,58.77,36.25,19.38,-
2014,United Arab Emirates,173.27,110.64,79.21,28.20,53.84,-
2014,Austria,171.82,91.53,74.17,24.50,31.68,-
2014,New Zealand,168.56,87.58,57.15,26.57,21.02,-
2014,Japan,168.47,99.64,81.90,47.64,40.78,-
2014,Norway,168.41,94.40,66.27,24.50,22.57,-
2014,Netherlands,160.98,97.54,62.93,35.06,32.40,-
2014,United Kingdom,150.97,94.34,57.38,37.68,33.81,-
2014,Estonia,145.40,48.67,70.93,24.71,13.43,-
2014,Ireland,142.35,94.64,46.41,22.53,29.32,-
2014,Kuwait,141.37,92.46,63.56,17.00,59.99,-
2014,Saudi Arabia,139.88,100.03,70.62,23.33,71.54,-
2014,France,136.31,92.29,52.72,28.10,46.92,-
2014,Belgium,134.71,87.93,58.47,25.96,56.16,-
2014,Slovenia,125.56,60.36,66.79,20.67,32.97,-
2014,Portugal,124.71,54.65,64.94,28.91,30.90,-
2014,Puerto Rico,123.64,85.28,40.70,28.40,47.41,-
2014,Spain,123.64,72.48,67.58,32.03,49.76,-
2014,Czech Republic,122.99,62.32,66.12,33.08,38.34,-
2014,Lithuania,121.91,43.24,65.29,22.00,21.13,-
2014,South Korea,117.90,80.63,83.65,31.20,74.24,-
2014,Taiwan,114.06,82.31,78.53,27.60,70.81,-
2014,South Africa,111.61,95.97,21.47,41.31,57.93,-
2014,Slovakia,108.74,52.41,67.28,37.50,40.81,-
2014,Croatia,108.70,48.32,71.10,33.35,28.69,-
2014,Poland,95.19,57.60,62.47,35.32,50.54,-
2014,Uruguay,91.94,39.64,53.36,45.00,21.33,-
2014,Israel,91.16,69.29,66.72,46.38,63.75,-
2014,Italy,90.61,75.39,54.41,38.05,60.42,-
2014,Malaysia,89.05,70.46,33.59,38.70,61.12,-
2014,Singapore,87.99,64.11,78.65,47.82,41.93,-
2014,Mexico,83.47,60.46,47.54,38.96,71.17,-
2014,Hungary,83.18,44.89,62.48,34.83,48.33,-
2014,Argentina,81.12,57.08,42.52,45.00,57.45,-
2014,India,78.01,62.33,56.30,47.72,74.34,-
2014,Greece,77.48,44.27,56.95,36.98,45.28,-
2014,Bosnia And Herzegovina,74.60,44.52,55.02,22.56,58.22,-
2014,Belarus,74.43,33.93,67.11,24.83,42.72,-
2014,Hong Kong,73.24,71.39,77.32,47.73,63.79,-
2014,Chile,69.32,58.27,52.91,42.10,70.98,-
2014,Serbia,69.31,37.39,60.72,24.38,49.56,-
2014,Turkey,67.82,55.79,60.05,51.93,77.11,-
2014,Romania,63.27,36.51,71.27,33.29,62.55,-
2014,Bulgaria,62.60,37.39,59.98,34.69,66.72,-
2014,Thailand,56.64,36.96,62.44,32.82,71.13,-
2014,Ecuador,42.25,27.03,40.03,42.80,53.66,-
2014,Kazakhstan,40.64,37.29,50.59,40.00,74.36,-
2014,Jordan,39.54,38.30,52.42,60.20,81.84,-
2014,Brazil,38.76,43.29,33.00,43.02,57.58,-
2014,Colombia,36.53,33.45,41.46,46.15,65.67,-
2014,China,30.30,43.73,69.87,31.17,84.72,-
2014,Philippines,28.09,29.97,58.10,49.78,74.88,-
2014,Pakistan,22.32,31.53,36.25,25.12,80.25,-
2014,Ukraine,22.22,31.00,50.63,41.89,73.32,-
2014,Indonesia,21.85,26.44,53.33,41.07,73.78,-
2014,Lebanon,18.39,41.86,49.90,32.43,86.72,-
2014,Russia,16.53,37.30,47.33,49.69,76.45,-
2014,Egypt,5.41,25.57,47.57,60.83,91.23,-
2014,Iran,-11.08,30.33,44.99,54.45,86.07,-
2014,Mongolia,-26.75,25.59,33.77,36.86,94.98,-
2015,Switzerland,222.94,146.51,73.23,25.63,24.07,-
2015,Germany,195.94,111.84,71.51,31.08,28.32,-
2015,Sweden,193.86,110.95,57.91,26.90,15.14,-
2015,United States,192.49,126.09,49.99,35.96,31.45,-
2015,Finland,190.25,101.17,70.45,33.17,14.91,-
2015,Denmark,190.18,105.70,74.29,27.85,31.79,-
2015,Austria,182.62,104.55,73.75,25.86,33.96,-
2015,Australia,180.81,110.39,57.84,36.25,21.63,-
2015,Canada,177.63,105.07,62.54,38.88,27.30,-
2015,New Zealand,175.51,90.99,60.24,28.10,17.61,-
2015,Norway,175.09,96.30,68.81,25.30,23.70,-
2015,Saudi Arabia,169.37,126.19,65.43,26.14,71.02,-
2015,Japan,168.28,98.21,79.76,51.05,38.22,-
2015,Netherlands,166.76,102.02,64.59,35.45,34.97,-
2015,Turkmenistan,157.09,59.75,82.14,11.75,28.45,-
2015,United Kingdom,156.90,98.12,57.99,34.00,33.95,-
2015,Cyprus,154.91,71.05,68.44,19.00,32.88,-
2015,United Arab Emirates,153.68,104.59,77.78,29.90,61.34,-
2015,Ireland,148.85,95.72,50.93,32.60,27.97,-
2015,Qatar,144.89,113.02,78.96,29.27,87.73,-
2015,Estonia,144.59,51.44,71.87,22.44,15.53,-
2015,France,139.31,92.62,50.29,28.60,45.94,-
2015,Belgium,135.95,86.16,57.96,26.69,53.84,-
2015,Spain,134.91,76.71,66.15,28.91,46.30,-
2015,Slovenia,134.49,64.16,71.29,18.82,31.45,-
2015,Portugal,129.16,58.22,64.16,28.20,32.61,-
2015,Czech Republic,127.53,68.07,67.11,31.47,42.87,-
2015,Puerto Rico,125.69,94.43,32.94,32.00,48.03,-
2015,Kuwait,123.39,85.70,56.49,25.00,59.63,-
2015,Israel,120.43,88.18,69.60,41.25,65.21,-
2015,South Korea,120.03,85.83,82.01,31.33,77.11,-
2015,Lithuania,112.85,46.86,63.31,31.33,29.60,-
2015,Croatia,112.34,50.47,70.66,30.50,32.76,-
2015,Singapore,111.29,75.40,82.41,44.07,40.40,-
2015,South Africa,110.92,101.78,21.56,42.98,65.19,-
2015,Poland,109.74,63.49,67.01,34.67,50.55,-
2015,Slovakia,109.09,56.05,66.66,30.40,47.94,-
2015,Italy,100.99,79.35,52.50,35.91,57.75,-
2015,Latvia,99.04,44.39,62.78,24.00,43.43,-
2015,Greece,94.66,51.89,58.65,33.18,44.87,-
2015,Hungary,93.07,46.85,58.24,30.12,46.25,-
2015,Uruguay,93.06,44.87,52.83,45.00,31.72,-
2015,Taiwan,92.50,69.90,78.12,28.25,67.65,-
2015,Panama,89.27,43.34,49.92,28.12,50.91,-
2015,Malaysia,85.32,73.54,30.03,39.40,64.73,-
2015,Mexico,84.97,59.51,46.16,36.89,68.83,-
2015,Bahrain,84.06,59.69,60.03,27.00,87.36,-
2015,Romania,83.63,40.62,70.28,30.69,50.55,-
2015,Hong Kong,82.96,74.93,80.76,46.25,59.50,-
2015,Turkey,82.55,53.63,63.60,46.32,74.31,-
2015,India,78.60,65.79,53.45,45.24,77.72,-
2015,Argentina,77.01,59.38,37.60,41.39,55.88,-
2015,Bosnia And Herzegovina,73.45,44.74,54.18,21.90,58.54,-
2015,Belarus,72.48,35.82,69.50,30.57,45.12,-
2015,Bulgaria,68.30,39.88,56.55,33.43,63.96,-
2015,Chile,65.48,55.11,54.99,40.83,72.40,-
2015,Georgia,64.96,26.21,77.99,38.00,58.79,-
2015,Serbia,60.34,39.15,56.57,27.79,56.60,-
2015,Sri Lanka,49.87,28.24,50.04,30.83,65.72,-
2015,Armenia,49.07,27.74,70.86,26.09,73.03,-
2015,Colombia,47.71,36.08,43.12,44.55,61.41,-
2015,Thailand,47.37,38.75,62.94,42.36,72.81,-
2015,Kazakhstan,47.00,43.48,53.32,41.80,73.69,-
2015,Ecuador,44.52,28.00,45.96,45.67,53.20,-
2015,Dominican Republic,43.60,28.20,32.28,27.50,65.32,-
2015,Moldova,42.13,23.70,50.30,24.60,57.24,-
2015,Jordan,38.61,38.67,54.49,51.40,85.64,-
2015,Philippines,36.95,35.41,56.89,45.50,74.17,-
2015,Lebanon,32.81,50.17,48.02,32.43,89.11,-
2015,Brazil,29.84,41.16,31.05,46.34,58.03,-
2015,North Macedonia,28.85,35.48,63.94,33.17,82.31,-
2015,Russia,28.38,38.86,48.67,47.08,72.77,-
2015,Indonesia,22.70,26.01,52.78,41.63,74.41,-
2015,Pakistan,21.82,33.21,38.84,25.14,83.73,-
2015,Ukraine,20.10,27.87,50.64,40.04,69.85,-
2015,China,15.99,48.64,58.25,37.48,89.36,-
2015,Kenya,7.32,28.74,27.39,65.20,62.20,-
2015,Bolivia,6.55,41.10,34.40,55.00,94.05,-
2015,Nigeria,2.99,40.23,23.40,58.67,76.29,-
2015,Iran,1.07,30.65,49.10,47.44,82.28,-
2015,Cambodia,-4.40,11.93,55.94,33.33,80.06,-
2015,Bangladesh,-5.36,33.43,35.75,58.00,93.59,-
2015,Egypt,-7.07,25.84,39.86,56.85,96.62,-
2015,Vietnam,-19.52,21.32,47.71,36.40,84.34,-
2015,Mongolia,-35.74,23.50,29.75,36.86,94.55,-
2016,Switzerland,208.54,178.74,74.27,28.73,23.02,70.50
2016,Denmark,206.49,142.14,74.33,25.64,29.93,70.65
2016,New Zealand,201.06,115.47,63.63,31.10,19.04,88.35
2016,Germany,199.70,147.61,67.05,29.07,29.91,63.02
2016,Australia,198.79,147.25,56.88,34.65,22.88,77.33
2016,Austria,192.40,120.46,75.94,26.79,30.77,63.76
2016,Netherlands,192.40,129.34,68.53,35.51,32.79,76.28
2016,Norway,188.90,125.75,69.89,29.48,18.21,56.33
2016,Spain,186.41,105.31,68.23,30.52,46.58,90.80
2016,Sweden,185.81,128.22,56.88,32.05,18.30,61.80
2016,Finland,184.01,132.93,71.88,32.89,17.84,32.56
2016,United States,183.96,139.17,51.13,33.35,34.94,67.57
2016,Portugal,181.18,75.47,64.87,30.56,31.85,91.70
2016,United Kingdom,180.25,120.00,56.87,35.53,35.02,81.60
2016,Canada,177.23,134.81,60.80,37.79,29.48,46.23
2016,Japan,176.06,117.55,80.66,48.35,34.04,79.64
2016,Slovenia,175.93,89.76,73.73,25.00,28.20,62.46
2016,France,173.56,118.51,55.94,31.98,46.31,78.30
2016,Croatia,172.39,67.89,70.49,30.03,30.42,85.64
2016,Ireland,171.92,125.66,51.61,32.31,30.85,73.07
2016,South Korea,170.29,120.64,85.69,30.93,49.65,51.35
2016,Czech Republic,167.38,89.99,67.94,32.48,42.49,63.48
2016,Israel,166.63,115.54,69.37,37.76,61.46,81.89
2016,Greece,165.43,79.27,61.54,29.09,47.22,87.14
2016,Belgium,162.29,106.69,54.81,36.19,56.61,76.97
2016,Italy,159.28,105.67,53.78,36.49,56.56,86.19
2016,Saudi Arabia,159.18,167.86,74.80,38.70,72.20,16.77
2016,South Africa,156.70,126.10,21.57,43.18,63.29,91.42
2016,Poland,153.61,80.77,68.59,34.51,49.87,64.33
2016,Chile,147.26,78.40,58.00,33.81,67.21,85.68
2016,Bosnia And Herzegovina,146.70,60.64,57.54,23.41,57.95,75.31
2016,Romania,146.13,61.90,70.28,33.29,50.50,66.96
2016,United Arab Emirates,144.09,136.43,76.92,33.69,59.54,5.91
2016,Bulgaria,141.61,59.19,58.58,28.66,60.35,77.80
2016,Hungary,140.74,56.30,58.07,31.78,46.70,66.89
2016,Argentina,138.48,74.92,36.72,42.36,58.46,91.70
2016,Serbia,138.26,49.62,56.72,28.37,55.14,83.89
2016,Turkey,137.31,64.12,60.57,48.05,65.75,74.22
2016,Mexico,137.01,76.51,49.20,37.06,64.64,58.78
2016,Lithuania,134.33,61.25,56.85,30.24,30.94,24.42
2016,Colombia,128.46,45.99,51.49,44.24,64.44,84.51
2016,North Macedonia,115.03,46.74,61.98,40.68,85.29,80.55
2016,India,109.28,89.65,53.41,45.98,77.02,19.66
2016,Hong Kong,108.33,102.32,79.15,46.40,67.17,39.90
2016,Brazil,101.02,48.69,28.77,46.12,61.18,72.60
2016,China,99.03,77.42,67.92,44.09,85.54,46.59
2016,Iran,96.93,47.73,47.63,48.15,84.21,74.61
2016,Pakistan,93.99,43.34,43.37,36.85,76.64,41.17
2016,Singapore,93.09,110.50,84.19,43.43,38.83,-66.63
2016,Egypt,88.79,40.30,43.47,50.85,96.05,79.72
2016,Russia,88.31,57.42,52.69,49.13,64.49,10.87
2016,Ukraine,85.56,29.66,51.38,39.95,67.84,50.40
2016,Indonesia,72.19,35.51,53.03,41.40,75.14,7.98
2016,Philippines,65.83,42.86,62.39,45.97,73.12,-26.98
2016,Thailand,63.83,40.06,57.44,43.09,71.51,-23.25
2017,Austria,190.37,95.66,80.75,26.27,21.90,62.13
2017,Germany,189.74,124.88,67.97,30.55,27.05,57.97
2017,Denmark,184.92,98.76,78.87,28.42,25.97,64.24
2017,New Zealand,184.74,89.87,61.22,30.23,20.03,85.41
2017,Spain,183.65,87.87,68.72,32.63,37.46,88.04
2017,Finland,182.93,114.97,75.37,34.92,13.38,35.83
2017,United States,179.73,123.17,51.24,34.58,31.19,67.95
2017,Portugal,178.43,62.72,64.61,30.44,28.91,92.19
2017,Australia,176.54,101.94,57.58,34.73,24.58,72.79
2017,Slovenia,175.45,78.23,75.95,26.48,26.37,60.50
2017,Netherlands,175.23,86.52,70.11,33.90,27.62,61.87
2017,Switzerland,173.54,95.35,77.55,28.30,20.77,69.32
2017,United Kingdom,172.87,96.85,58.81,34.60,34.88,78.91
2017,Sweden,172.74,107.23,53.35,31.60,17.87,59.13
2017,Estonia,171.09,68.48,77.00,26.71,17.71,44.56
2017,Croatia,170.63,60.71,72.20,28.45,33.34,82.02
2017,Canada,167.18,108.01,60.75,36.24,26.54,44.31
2017,Ireland,166.90,103.52,54.23,35.01,27.18,70.18
2017,Cyprus,166.64,95.92,67.54,20.32,54.77,71.01
2017,Norway,165.93,105.58,54.31,31.32,19.45,49.32
2017,Czech Republic,165.41,76.22,69.82,31.98,41.04,65.32
2017,South Korea,162.49,102.38,74.73,34.18,52.73,61.20
2017,Belgium,160.52,91.02,55.49,36.26,48.92,75.16
2017,France,160.25,87.29,56.34,35.81,40.15,73.91
2017,Israel,157.88,94.47,70.99,36.52,61.71,81.01
2017,Slovakia,152.55,64.75,69.82,36.03,43.51,65.06
2017,Poland,150.21,71.75,68.47,34.55,50.33,62.53
2017,Taiwan,150.08,118.57,82.76,32.69,62.91,24.48
2017,Greece,148.32,58.24,59.68,31.60,52.05,87.25
2017,Japan,147.49,102.52,79.11,46.81,41.01,31.91
2017,Saudi Arabia,146.41,138.05,76.35,36.31,74.18,17.96
2017,South Africa,144.72,98.96,24.28,42.98,63.56,88.74
2017,Romania,143.04,53.44,72.05,31.97,50.90,64.45
2017,Italy,142.52,71.83,55.34,36.38,51.57,82.60
2017,Argentina,139.59,58.40,37.37,37.95,53.33,90.67
2017,United Arab Emirates,139.27,116.77,79.34,35.05,58.52,8.86
2017,Bosnia And Herzegovina,139.14,51.29,59.03,26.63,60.69,73.29
2017,Hungary,138.82,47.52,61.61,33.09,43.99,66.49
2017,Bulgaria,138.20,51.40,59.82,27.92,63.12,77.05
2017,Chile,136.20,61.28,52.50,35.70,67.67,89.39
2017,Serbia,133.43,40.80,61.38,29.93,55.29,82.66
2017,Qatar,132.37,111.28,84.30,32.97,73.29,9.26
2017,Lithuania,130.28,51.67,59.97,28.00,34.27,25.04
2017,Turkey,129.63,55.64,58.91,47.58,70.46,73.19
2017,Mexico,129.06,60.08,49.68,41.66,66.74,60.74
2017,Belarus,119.23,36.43,77.74,27.66,39.64,20.07
2017,Jordan,117.47,42.27,56.86,47.76,85.73,88.42
2017,North Macedonia,116.42,39.85,61.34,33.79,83.38,75.54
2017,Colombia,115.38,37.63,48.31,43.77,63.90,81.34
2017,Lebanon,106.18,53.61,50.84,36.15,85.11,69.39
2017,India,101.52,76.73,56.04,46.38,76.53,9.30
2017,Iran,97.17,43.18,49.10,49.70,82.51,71.48
2017,Brazil,96.15,42.38,29.38,46.39,61.17,70.76
2017,Hong Kong,94.45,81.45,79.32,42.22,69.90,29.73
2017,Pakistan,93.41,39.95,45.62,38.69,80.08,42.54
2017,Egypt,91.81,29.39,47.14,48.84,88.88,75.59
2017,China,90.95,67.84,66.10,43.87,88.96,38.70
2017,Sri Lanka,88.99,30.28,65.43,47.19,61.90,2.40
2017,Ukraine,87.49,26.93,48.73,39.16,67.26,49.94
2017,Singapore,86.50,92.70,83.42,43.39,37.04,-71.47
2017,Russia,85.93,48.27,53.95,48.57,63.04,10.69
2017,Indonesia,62.02,27.61,50.32,49.44,76.41,9.62
2017,Thailand,57.21,34.28,50.22,43.56,73.23,-20.21
2017,Philippines,56.87,36.00,60.23,45.14,70.25,-44.10
2017,Malaysia,51.65,73.34,35.25,39.40,67.08,-79.43
2017,Vietnam,36.12,24.77,47.04,33.00,88.10,-12.87
2018,Denmark,197.75,117.53,77.98,28.53,23.60,82.42
2018,Finland,195.30,119.42,76.30,33.23,12.07,58.63
2018,Netherlands,191.25,109.48,71.06,32.73,27.16,86.93
2018,Switzerland,190.81,126.15,78.24,29.28,23.01,79.78
2018,Austria,190.22,98.69,79.59,27.02,22.87,77.74
2018,Germany,190.04,125.01,63.35,31.25,27.32,82.53
2018,Australia,188.70,122.98,57.45,36.32,24.76,92.41
2018,New Zealand,182.40,98.61,60.85,34.48,21.77,96.10
2018,United States,180.56,127.62,50.42,34.74,31.70,78.23
2018,Sweden,176.81,113.01,50.74,30.68,19.10,75.08
2018,Estonia,176.44,74.82,79.17,32.73,17.17,63.61
2018,Norway,176.27,107.95,56.67,31.04,20.22,71.89
2018,Japan,176.04,107.35,86.90,44.48,41.66,84.82
2018,Slovenia,175.36,80.33,75.29,27.78,26.25,76.30
2018,Spain,174.92,90.67,63.26,31.42,38.11,93.94
2018,Canada,173.90,118.92,60.72,36.07,27.70,52.82
2018,United Kingdom,171.89,108.54,58.80,35.75,37.71,87.92
2018,Portugal,166.71,61.97,65.46,30.28,30.53,97.45
2018,France,166.22,101.21,54.71,35.03,40.41,89.80
2018,Belgium,164.00,98.91,57.83,34.63,48.92,86.14
2018,United Arab Emirates,163.54,124.78,81.25,37.49,55.78,45.43
2018,Ireland,163.53,96.10,56.18,37.47,28.66,89.43
2018,Taiwan,163.28,106.38,79.26,33.15,63.25,83.79
2018,Croatia,162.36,59.77,73.00,29.55,32.73,88.83
2018,Czech Republic,162.01,76.35,71.19,30.30,41.02,77.87
2018,Qatar,159.62,125.05,84.30,34.78,70.24,45.48
2018,South Korea,155.38,109.36,64.17,37.24,52.87,67.20
2018,Slovakia,155.37,67.29,69.85,32.17,40.67,77.66
2018,Israel,152.25,102.30,63.10,36.73,60.27,93.61
2018,Singapore,150.45,95.89,83.77,45.99,33.94,57.99
2018,Saudi Arabia,149.58,131.46,63.31,34.01,71.72,41.02
2018,Lithuania,148.98,57.29,62.41,28.69,33.14,68.76
2018,Poland,146.58,74.42,63.77,33.60,51.12,75.80
2018,Italy,146.13,81.07,55.47,37.01,53.11,91.38
2018,Romania,144.05,66.20,70.96,33.40,53.04,76.19
2018,South Africa,137.89,99.83,24.29,43.26,62.15,95.98
2018,Greece,137.43,53.80,60.93,32.16,52.85,92.58
2018,Hungary,132.31,50.62,63.49,34.12,46.57,78.51
2018,Argentina,131.85,60.15,38.21,41.55,53.64,98.22
2018,Bulgaria,129.69,54.44,60.30,31.12,63.03,81.58
2018,Bosnia And Herzegovina,129.33,52.40,59.95,27.48,61.56,78.89
2018,Turkey,127.64,53.78,58.94,46.29,69.44,93.16
2018,Mexico,126.42,58.18,48.95,42.03,66.13,82.49
2018,Serbia,123.48,41.81,62.24,28.95,56.58,82.93
2018,Chile,122.73,54.53,53.52,35.07,66.79,90.21
2018,India,122.09,79.27,55.84,46.76,75.89,65.68
2018,Malaysia,116.05,72.98,36.95,37.60,66.52,58.11
2018,Indonesia,112.89,37.49,55.28,42.75,60.66,68.19
2018,Colombia,112.15,38.59,49.34,48.10,62.47,96.72
2018,Hong Kong,110.28,82.86,79.10,41.26,69.35,83.64
2018,Russia,103.32,51.11,54.80,48.26,63.26,44.70
2018,Thailand,101.18,38.59,52.75,39.21,72.86,68.64
2018,Pakistan,100.35,41.11,48.77,41.55,77.50,71.90
2018,Brazil,100.13,41.55,29.45,45.27,59.48,94.23
2018,China,99.43,72.28,60.56,42.55,85.89,78.81
2018,Philippines,99.11,34.02,59.87,44.24,72.55,60.63
2018,Ukraine,95.96,30.24,50.61,38.50,67.24,70.20
2018,Iran,92.43,45.60,50.60,49.46,81.21,69.54
2018,Egypt,84.42,24.67,46.28,46.69,87.64,91.98
2019,Denmark,198.57,114.39,75.75,28.51,22.14,81.80
2019,Switzerland,195.93,129.70,78.50,29.05,22.03,80.05
2019,Finland,194.01,112.30,77.20,30.41,11.93,58.56
2019,Australia,191.13,122.85,57.24,35.29,23.97,93.75
2019,Austria,191.05,96.70,78.63,25.15,21.97,77.74
2019,Netherlands,188.91,102.54,71.43,29.87,27.45,87.45
2019,Iceland,187.79,91.80,76.72,19.74,15.24,68.81
2019,Germany,187.05,116.20,65.49,29.91,28.01,82.51
2019,New Zealand,185.58,101.09,60.45,31.19,22.74,95.46
2019,Norway,181.86,103.61,64.68,27.12,19.86,71.16
2019,Estonia,180.88,75.97,79.20,25.75,18.15,64.28
2019,Japan,180.50,103.12,86.27,40.03,37.08,84.79
2019,United States,179.20,122.03,52.87,32.87,33.95,77.51
2019,Sweden,178.67,111.38,50.65,30.29,18.01,74.92
2019,Slovenia,175.98,75.38,77.43,24.81,24.33,78.08
2019,Spain,174.16,83.80,67.54,29.42,39.36,94.19
2019,United Kingdom,170.81,105.73,57.28,34.62,39.43,87.82
2019,Canada,170.32,109.44,60.49,33.77,27.85,52.55
2019,Qatar,167.84,138.29,86.74,31.71,66.48,36.03
2019,United Arab Emirates,167.81,119.60,83.68,37.46,53.11,45.23
2019,Croatia,165.31,60.33,75.31,29.11,31.03,88.95
2019,Portugal,163.50,55.19,67.87,29.02,31.58,97.55
2019,Belgium,162.09,95.09,57.54,34.86,49.89,86.03
2019,Ireland,160.82,95.09,55.48,35.85,31.12,89.13
2019,Czech Republic,158.79,71.32,73.34,30.02,40.96,77.13
2019,France,157.83,91.55,53.61,35.27,42.70,88.25
2019,Cyprus,157.57,75.29,70.69,20.27,53.75,92.23
2019,Singapore,156.91,103.77,78.53,42.15,32.29,57.45
2019,Lithuania,156.36,60.34,63.49,27.15,30.84,69.86
2019,Israel,153.82,92.48,67.84,36.32,57.25,93.80
2019,Slovakia,153.10,63.24,70.46,29.58,41.89,78.13
2019,Saudi Arabia,152.72,118.59,70.27,29.61,67.26,41.42
2019,South Korea,149.53,103.40,65.95,40.02,54.19,68.39
2019,Latvia,149.15,55.16,63.23,31.45,34.96,74.70
2019,Poland,147.98,70.00,69.91,32.15,52.38,76.02
2019,Italy,145.69,77.49,54.98,34.69,53.75,91.25
2019,Belarus,141.47,44.64,76.47,28.78,40.97,64.37
2019,Romania,140.31,61.16,72.16,34.36,55.39,77.62
2019,Greece,137.82,49.57,61.43,32.20,51.86,94.18
2019,South Africa,135.31,82.97,23.20,40.33,56.95,95.97
2019,Hungary,134.47,54.66,64.83,35.17,46.47,78.74
2019,Taiwan,133.82,56.36,82.62,30.90,63.47,84.38
2019,Bulgaria,130.59,52.18,60.00,28.79,63.98,82.76
2019,Turkey,125.51,45.33,59.62,44.77,69.15,93.26
2019,Bosnia And Herzegovina,124.51,49.18,56.21,26.43,63.47,80.48
2019,Chile,124.14,54.13,53.19,36.79,65.54,90.21
2019,Mexico,123.48,49.98,47.70,39.08,66.02,86.29
2019,Argentina,122.49,55.00,37.45,43.04,52.35,98.28
2019,Malaysia,122.11,73.14,39.21,35.25,63.74,60.10
2019,Georgia,120.90,33.19,80.14,34.34,72.46,84.20
2019,Serbia,119.83,39.90,62.73,29.74,58.86,83.23
2019,India,117.51,66.91,57.28,45.71,75.81,65.74
2019,Panama,113.12,41.34,53.57,36.48,62.00,67.84
2019,Jordan,112.94,41.73,56.18,42.43,80.39,89.05
2019,Lebanon,111.21,53.97,55.73,37.36,87.39,94.74
2019,North Macedonia,110.64,39.83,60.71,27.94,80.85,76.30
2019,Colombia,108.36,34.66,48.74,45.06,61.74,86.04
2019,Indonesia,107.20,32.95,53.99,42.93,62.78,68.96
2019,Russia,104.94,45.38,58.07,46.00,62.80,46.53
2019,Pakistan,104.63,38.61,53.27,38.63,75.89,72.99
2019,Thailand,103.26,40.86,53.34,39.40,72.21,69.45
2019,Ukraine,102.34,32.72,51.12,37.36,66.63,70.69
2019,Hong Kong,100.90,69.34,80.68,41.00,66.39,83.64
2019,Brazil,100.33,37.43,29.76,43.37,57.72,95.35
2019,China,97.92,68.95,54.54,42.46,81.91,78.91
2019,Sri Lanka,95.30,27.34,58.97,51.90,57.69,59.11
2019,Philippines,90.73,29.46,59.17,44.15,74.47,60.23
2019,Vietnam,88.82,33.33,51.22,28.33,87.13,71.24
2019,Kazakhstan,87.17,38.83,33.49,29.75,74.25,39.78
2019,Iran,87.02,37.74,50.67,48.38,79.35,70.99
2020,Denmark,192.67,100.88,74.90,28.85,21.33,81.80
2020,Switzerland,192.01,119.53,78.40,29.09,22.39,79.24
2020,Finland,190.22,99.93,76.68,29.90,11.55,58.87
2020,Australia,186.21,107.31,58.64,34.73,23.46,92.70
2020,Netherlands,183.67,90.73,72.38,29.43,27.41,87.61
2020,Austria,182.50,82.38,76.27,26.27,22.19,77.30
2020,Iceland,181.75,79.44,76.64,20.10,16.21,68.81
2020,New Zealand,181.02,92.66,59.07,31.10,23.40,95.46
2020,Germany,179.78,102.36,65.19,30.98,29.03,83.00
2020,Estonia,177.82,71.30,76.86,24.53,19.81,64.28
2020,Sweden,175.95,101.73,52.93,30.49,18.09,73.97
2020,Norway,175.19,88.38,64.57,26.99,20.35,71.37
2020,Slovenia,172.15,66.31,78.93,27.30,24.06,77.56
2020,United States,172.11,109.52,52.80,32.89,36.88,77.54
2020,Spain,169.82,72.03,68.04,29.10,39.99,94.19
2020,Japan,167.99,87.28,79.34,39.15,39.59,84.79
2020,Oman,167.09,80.97,79.21,22.80,37.74,67.22
2020,Canada,163.47,95.09,60.33,33.87,27.83,50.57
2020,Portugal,162.91,49.43,70.37,30.00,30.89,97.31
2020,United Kingdom,162.71,91.73,56.29,34.53,40.56,87.62
2020,Qatar,162.29,111.69,88.14,29.72,61.06,36.03
2020,Lithuania,159.42,57.85,66.94,26.08,28.80,67.76
2020,Croatia,159.01,50.42,75.29,29.11,30.46,89.05
2020,United Arab Emirates,156.67,91.58,84.30,36.85,51.15,45.23
2020,Czech Republic,156.24,62.82,74.48,29.65,40.23,77.13
2020,France,153.95,80.36,53.21,34.76,43.56,90.25
2020,Ireland,153.53,80.88,54.57,37.68,33.99,89.13
2020,Belgium,153.47,86.28,56.02,36.15,52.94,85.99
2020,Slovakia,152.53,56.94,70.78,29.11,39.66,78.13
2020,Saudi Arabia,150.56,100.00,73.82,28.61,65.09,45.98
2020,Latvia,150.00,52.48,63.05,32.89,33.73,74.70
2020,Israel,149.94,78.09,70.40,35.91,57.25,93.78
2020,Cyprus,147.93,57.41,69.99,23.95,53.55,92.80
2020,Singapore,144.39,88.96,69.43,41.31,33.48,57.45
2020,Taiwan,143.23,65.67,84.35,31.93,63.35,84.38
2020,Poland,141.83,59.61,71.50,31.72,54.46,76.14
2020,Italy,140.76,65.59,55.74,34.42,55.63,92.27
2020,South Korea,139.02,85.21,71.98,39.57,62.48,68.39
2020,Belarus,134.83,37.00,75.01,30.68,43.63,64.37
2020,Greece,133.07,43.68,59.68,33.84,52.55,94.18
2020,Romania,132.44,48.86,72.36,34.75,58.42,77.62
2020,South Africa,131.97,73.61,22.51,39.43,57.30,95.25
2020,Bulgaria,129.80,49.37,61.50,29.39,65.33,82.76
2020,Hungary,128.16,47.55,64.92,35.78,48.29,79.48
2020,Turkey,127.10,40.85,60.51,44.65,67.35,93.26
2020,Uruguay,125.98,37.46,46.19,39.89,44.84,98.04
2020,Ecuador,125.14,36.08,49.10,37.55,57.00,94.51
2020,Bosnia And Herzegovina,121.89,41.83,56.97,26.67,62.33,80.48
2020,Chile,119.76,42.50,54.77,35.44,65.78,90.21
2020,Mexico,118.55,41.81,46.03,39.39,66.10,86.29
2020,Malaysia,118.44,64.49,41.16,37.03,63.18,57.92
2020,Serbia,116.30,36.72,62.59,30.43,60.32,83.23
2020,Georgia,115.95,24.88,79.79,36.02,71.09,84.20
2020,Kuwait,115.75,85.59,65.25,34.44,68.69,20.22
2020,Argentina,115.31,47.22,38.23,43.08,50.67,98.28
2020,Jordan,112.40,34.88,59.17,42.03,77.78,89.05
2020,North Macedonia,110.46,37.15,61.33,27.61,80.23,76.30
2020,India,108.63,54.30,56.68,46.99,78.87,64.87
2020,Panama,108.36,34.23,52.81,36.48,63.09,67.84
2020,Lebanon,106.56,44.47,56.64,37.38,88.37,94.74
2020,Colombia,105.83,31.12,45.21,47.49,62.83,96.69
2020,Brazil,105.65,32.81,31.12,41.70,54.98,97.16
2020,Morocco,105.46,35.25,51.31,36.89,70.64,91.70
2020,Pakistan,105.44,30.57,55.92,38.56,74.25,71.93
2020,Ukraine,104.77,31.80,51.15,38.65,65.08,71.42
2020,China,102.81,60.88,68.17,41.81,80.77,79.19
2020,Russia,102.31,38.94,58.88,45.30,62.79,40.36
2020,Thailand,101.88,35.45,59.52,38.23,75.07,69.45
2020,Hong Kong,99.05,65.32,79.30,41.46,67.69,83.64
2020,Indonesia,97.47,25.05,54.16,43.11,66.56,74.15
2020,Kazakhstan,88.31,38.36,37.98,31.08,75.15,39.78
2020,Vietnam,87.48,28.14,54.65,30.17,86.47,71.24
2020,Egypt,86.54,22.41,53.08,49.78,85.65,91.98
2020,Peru,85.46,33.95,31.85,48.33,84.13,97.69
2020,Philippines,85.37,23.48,57.84,44.63,74.28,60.81
2020,Sri Lanka,85.16,24.45,59.78,59.01,59.14,59.11
2020,Iran,74.14,22.69,50.75,48.01,77.45,70.99
2020,Kenya,70.56,27.32,38.34,56.65,76.60,99.79
2020,Bangladesh,70.03,33.21,36.06,56.73,86.21,71.29
2021,Switzerland,190.82,110.96,78.65,28.73,20.09,80.05
2021,Denmark,190.01,94.73,73.28,28.69,20.40,81.80
2021,Netherlands,183.31,83.89,72.78,27.81,25.28,87.11
2021,Finland,182.79,89.05,72.99,28.96,11.86,56.64
2021,Austria,182.37,78.23,74.77,25.68,19.20,77.79
2021,Australia,181.52,99.29,57.56,35.04,23.48,92.70
2021,Iceland,179.10,71.88,75.87,19.98,16.24,68.81
2021,Germany,176.76,93.72,64.58,31.36,27.48,82.97
2021,New Zealand,175.77,81.44,57.74,30.70,23.81,96.35
2021,Norway,173.57,79.43,66.65,26.87,18.14,68.68
2021,Estonia,173.56,61.22,76.62,24.72,19.01,64.28
2021,Oman,172.08,84.45,79.74,23.02,37.59,67.22
2021,Sweden,171.40,90.55,52.80,29.89,18.44,74.92
2021,Slovenia,168.20,56.14,78.21,26.79,22.65,77.56
2021,United States,166.98,102.58,52.26,32.89,38.89,77.28
2021,Spain,164.48,62.68,66.87,29.38,39.62,93.18
2021,Japan,162.32,76.53,78.05,39.85,39.40,85.27
2021,Portugal,161.91,44.96,70.11,29.64,29.57,97.72
2021,Lithuania,160.02,54.60,66.16,25.67,27.01,69.86
2021,Canada,159.99,82.76,58.81,33.72,28.13,56.75
2021,United Kingdom,158.99,82.56,54.74,34.44,40.25,88.04
2021,Czech Republic,156.33,56.40,74.69,29.72,36.30,77.13
2021,Croatia,156.10,43.13,75.09,28.13,30.58,89.69
2021,United Arab Emirates,156.03,85.74,84.65,36.31,50.44,45.23
2021,Qatar,154.58,93.12,87.71,30.45,60.18,36.03
2021,Belgium,150.89,76.54,55.83,36.24,50.27,86.03
2021,Ireland,150.89,73.84,54.98,37.70,33.59,89.13
2021,France,150.73,74.06,50.80,34.53,41.79,89.94
2021,Slovakia,149.68,50.39,70.26,27.81,39.08,78.13
2021,Latvia,147.59,45.94,62.79,31.16,33.91,74.70
2021,Saudi Arabia,147.37,88.18,74.07,28.45,64.13,45.98
2021,Israel,144.14,70.36,68.79,35.76,58.42,93.78
2021,Cyprus,144.06,52.34,68.03,23.44,56.77,93.34
2021,Singapore,143.82,83.62,67.02,41.19,33.16,57.45
2021,Taiwan,138.82,56.08,84.76,31.28,62.92,81.60
2021,Italy,138.63,58.70,55.63,34.17,53.93,91.48
2021,Hungary,134.01,49.81,65.19,35.81,47.81,79.48
2021,Poland,132.65,47.09,70.68,31.34,54.33,75.90
2021,South Africa,132.19,72.92,22.93,39.30,56.96,95.25
2021,Romania,131.71,45.19,71.65,34.13,58.42,77.69
2021,Puerto Rico,130.77,69.22,36.65,34.16,50.45,71.25
2021,South Korea,130.02,76.60,73.14,39.88,61.85,68.39
2021,Greece,129.86,38.95,55.86,33.94,51.95,94.18
2021,Bulgaria,126.34,40.26,61.88,29.39,64.48,82.76
2021,Turkey,125.97,35.35,60.47,44.64,66.15,93.26
2021,Bosnia And Herzegovina,125.71,42.56,56.99,25.89,60.71,80.48
2021,Uruguay,124.63,30.62,48.78,37.74,45.67,98.04
2021,Costa Rica,121.65,39.01,44.66,60.19,44.07,99.48
2021,Mexico,120.29,35.54,45.00,39.02,61.24,86.63
2021,Georgia,118.87,25.67,77.38,35.40,69.70,88.53
2021,Ecuador,118.76,30.54,45.59,39.57,58.34,94.51
2021,Malaysia,116.94,56.10,42.11,37.00,62.58,59.11
2021,Serbia,116.24,35.83,61.74,31.10,61.20,83.23
2021,Jordan,114.04,33.13,59.27,41.41,76.09,89.05
2021,Kuwait,113.98,75.32,65.96,33.72,66.72,20.22
2021,Argentina,110.50,34.56,36.69,43.16,50.73,98.28
2021,Panama,110.32,32.05,54.15,37.55,59.77,67.84
2021,North Macedonia,108.47,31.97,61.41,27.22,80.03,76.30
2021,Ukraine,107.35,30.10,51.72,37.90,64.31,70.77
2021,Belarus,107.35,31.96,39.73,30.05,44.47,64.37
2021,Pakistan,105.14,27.28,56.14,37.80,73.36,73.63
2021,Brazil,104.75,28.66,32.15,41.71,54.53,92.39
2021,India,104.52,47.13,55.28,46.66,79.62,65.30
2021,Morocco,104.42,32.17,50.90,36.30,70.38,90.04
2021,China,103.15,57.47,69.83,40.89,81.47,80.15
2021,Azerbaijan,102.88,25.77,68.34,39.41,75.44,91.40
2021,Russia,101.67,34.61,59.87,44.60,62.32,38.46
2021,Colombia,101.33,26.13,44.23,47.34,62.88,88.30
2021,Thailand,100.29,31.36,60.62,39.19,75.39,69.45
2021,Chile,99.90,33.33,47.92,35.56,78.96,90.21
2021,Hong Kong,99.34,62.45,78.27,42.28,67.30,83.64
2021,Kazakhstan,96.42,34.92,45.98,33.64,72.62,39.78
2021,Lebanon,94.47,29.49,53.04,39.06,89.35,94.74
2021,Indonesia,90.10,20.89,53.77,43.40,67.08,68.48
2021,Vietnam,88.38,27.26,53.91,29.61,85.92,71.09
2021,Egypt,86.31,19.99,53.21,49.08,84.35,91.98
2021,Peru,83.30,28.81,33.39,48.81,82.69,97.69
2021,Sri Lanka,79.78,20.77,58.81,57.20,59.92,59.11
2021,Philippines,78.39,19.71,57.84,44.04,74.06,61.03
2021,Kenya,75.77,27.67,38.60,57.39,75.88,99.79
2021,Bangladesh,65.27,24.07,35.78,58.53,84.91,72.91
2021,Iran,64.73,19.00,50.81,47.43,76.13,70.99
